Workbook

Sheet About
A1: Chapter 1 — Learner Exercises
A2: Work through each sheet. Yellow cells are where you fill in answers.
A3: Dataset | B3: Indicator Summary Data: Trends in Silviculture in B.C. — Change in Disturbance and Reforestation
A4: Publisher | B4: Resource Practices Branch, Ministry of Forests, Government of British Columbia (Environmental Reporting BC)
A5: Source | B5: BC Government / BC Data Catalogue
A6: Source URL | B6: https://catalogue.data.gov.bc.ca/dataset/indicator-summary-data-trends-in-silviculture-in-b-c-
A7: Background | B7: https://www.env.gov.bc.ca/soe/indicators/land/silviculture.html
A8: Licence | B8: Open Government Licence — British Columbia
A9: Rows of data | B9: 37 (one row per fiscal year, 1987–2023)
A10: Columns | B10: 8 numeric / integer columns
A11: Units | B11: Hectares (ha) for every numeric column except Fiscal_Year
A12: Fiscal year | B12: BC fiscal years run April 1 to March 31 of the following calendar year. Named by the starting year.
A13: Cite as | B13: Environmental Reporting BC. Trends in Silviculture in B.C. Ministry of Environment and Parks, Government of British Columbia.
A14: Retrieved | B14: 2026-05-24
... A17: How to use this file | B17: Open each numbered exercise sheet. Cells with a yellow background are where you fill in answers or formulas. The Data sheet contains the same 37 rows as the raw file — do not edit it; use it as a reference.

Sheet ReadMe
A1: Variable Dictionary
A2: One row per variable. Read this before you start any analysis.
A4: Variable | B4: Description | C4: Unit | D4: Type | E4: Notes
A5: Fiscal_Year | B5: Fiscal year of the row. April 1 to March 31 of the next calendar year. | C5: year (integer) | D5: number | E5: Integer between 1987 and 2023.
A6: Clearcutting_ha | B6: Area harvested using the clearcutting silvicultural system. | C6: hectares | D6: number | E6: Most of BC's harvest historically. Declines after the mid-1990s as clearcutting-with-reserves grows.
A7: Clearcutting_with_reserves_ha | B7: Area harvested using clearcutting with reserves — some trees retained for wildlife, visual, or hydrological values. | C7: hectares | D7: number | E7: Near-zero in the late 1980s. Increases sharply through the 1990s and 2000s due to BC silvicultural policy changes.
A8: Partial_cutting_ha | B8: Area harvested using partial cutting silvicultural systems. | C8: hectares | D8: number | E8: Smaller share of total harvest. Used where ecological or visual constraints favour retention.
A9: Harvested_ha | B9: Total area harvested = sum of the three harvest types above. | C9: hectares | D9: number | E9: Should equal Clearcutting_ha + Clearcutting_with_reserves_ha + Partial_cutting_ha for every row.
A10: Natural_Disturbance_ha | B10: Area disturbed by natural causes (wildfire, pest, wind) tracked for reforestation. | C10: hectares | D10: number | E10: Note the 2017 spike (218,275 ha) — BC's record-breaking wildfire season.
A11: Total_Disturbance_ha | B11: Sum of harvested area + natural disturbance area. | C11: hectares | D11: number | E11: Should equal Harvested_ha + Natural_Disturbance_ha for every row.
A12: Reforestation_ha | B12: Area planted or naturally regenerated in that fiscal year. | C12: hectares | D12: number | E12: Includes both human planting and natural regeneration.

Sheet Data
A1: Fiscal_Year | B1: Clearcutting_ha | C1: Clearcutting_with_reserves_ha | D1: Partial_cutting_ha | E1: Harvested_ha | F1: Natural_Disturbance_ha | G1: Total_Disturbance_ha | H1: Reforestation_ha
A2: 1987 | B2: 216304.92 | C2: 5800.4 | D2: 20076.681 | E2: 242182 | F2: 20875 | G2: 263057 | H2: 201972.5
A3: 1988 | B3: 217836.07 | C3: 1842.952 | D3: 31878.294 | E3: 251557.32 | F3: 9641.2 | G3: 261198.52 | H3: 221296.29
A4: 1989 | B4: 190635.52 | C4: 1456.666 | D4: 23785.954 | E4: 215878.14 | F4: 10711.8 | G4: 226589.94 | H4: 237275.91
A5: 1990 | B5: 172360.79 | C5: 1400.013 | D5: 18930.8 | E5: 192691.6 | F5: 28300.7 | G5: 220992.3 | H5: 260370.84
A6: 1991 | B6: 192005.36 | C6: 1514.813 | D6: 19696.739 | E6: 213216.91 | F6: 14423.5 | G6: 227640.41 | H6: 245370.03
A7: 1992 | B7: 209443.98 | C7: 2951.128 | D7: 21690.592 | E7: 234085.7 | F7: 5634.6 | G7: 239720.3 | H7: 224983.4
A8: 1993 | B8: 200847.53 | C8: 1570.342 | D8: 23263.578 | E8: 225681.45 | F8: 7562.4 | G8: 233243.86 | H8: 248301.9
A9: 1994 | B9: 175918.42 | C9: 923.928 | D9: 18749.619 | E9: 195591.97 | F9: 13501.4 | G9: 209093.37 | H9: 256980.13
A10: 1995 | B10: 167142.85 | C10: 4182.881 | D10: 19067.673 | E10: 190393.41 | F10: 17180.6 | G10: 207574.01 | H10: 250835.29
A11: 1996 | B11: 166369.33 | C11: 14044.868 | D11: 20996.569 | E11: 201410.77 | F11: 28732.7 | G11: 230143.47 | H11: 242008.34
A12: 1997 | B12: 140118.51 | C12: 26498.803 | D12: 16705.013 | E12: 183322.32 | F12: 5365.7 | G12: 188688.02 | H12: 219924.74
A13: 1998 | B13: 116268.56 | C13: 48992.161 | D13: 18978.192 | E13: 184238.91 | F13: 13744.9 | G13: 197983.81 | H13: 206753.6
... A38: 2023 | B38: 7299.887 | C38: 65369.253 | D38: 6292.06 | E38: 78961.2 | F38: 37980.7 | G38: 116941.9 | H38: 189393.65

Sheet Ex1_Inspect
A1: Exercise 1 — Inspect the workbook
A2: Read About and ReadMe first. Then answer these questions about the Data sheet.
A4: Question | B4: Your answer | C4: Hint
A5: How many rows of data are there (excluding header)? | C5: Look at the Data sheet. You can scroll, or read it from the About sheet.
A6: How many columns are there? | C6: Count the column headers on row 1 of the Data sheet.
A7: What is the earliest fiscal year? | C7: Sort the Fiscal_Year column or scan it.
A8: What is the latest fiscal year? | C8: Same column. Look at the last row.
A9: What is the unit of every numeric column except Fiscal_Year? | C9: Check the ReadMe sheet.
A10: Where does this dataset come from? | C10: Check the About sheet. (Hint: BC ___ / BC ___ Catalogue.)

Sheet Ex2_Identify
A1: Exercise 2 — Identify columns, units, and types
A2: Fill in the yellow cells. Compare your answers to the ReadMe sheet when done.
A4: Column name (from the Data sheet) | B4: What does it measure? (your own words) | C4: Unit | D4: Type (number / text / date)
A5: Fiscal_Year
A6: Clearcutting_ha
A7: Clearcutting_with_reserves_ha
A8: Harvested_ha
A9: Natural_Disturbance_ha
A10: Total_Disturbance_ha
A11: Reforestation_ha

Sheet Ex3_Formulas
A1: Exercise 3 — Write simple formulas
A2: Type each formula into column C. Column D will compute it.
A4: Task | B4: Expected formula pattern | C4: Your formula | D4: Result
A5: Total reforestation across all 37 years (Reforestation_ha) | B5: =SUM(Data!$H$2:$H$38) -> 8264063.5 | D5: =C5 -> 0
A6: Mean annual total disturbance (Total_Disturbance_ha) | B6: =AVERAGE(Data!$G$2:$G$38) -> 228088.51 | D6: =C6 -> 0
A7: Minimum natural disturbance (Natural_Disturbance_ha) | B7: =MIN(Data!$F$2:$F$38) -> 1448.1 | D7: =C7 -> 0
A8: Maximum natural disturbance (Natural_Disturbance_ha) | B8: =MAX(Data!$F$2:$F$38) -> 218275.3 | D8: =C8 -> 0
A9: Number of rows of data (Fiscal_Year column) | B9: =COUNT(Data!$A$2:$A$38) -> 37 | D9: =C9 -> 0
A11: Sanity check
A12: After you have computed mean and the extremes: does mean sit between min and max? It should. If not, recheck your formula.

Sheet Ex4_Verify
A1: Exercise 4 — Check whether values make sense
A2: Verify that Total_Disturbance_ha = Harvested_ha + Natural_Disturbance_ha for every row.
A4: Fiscal_Year | B4: Harvested + Natural | C4: Total_Disturbance_ha | D4: Difference (should be ~0)
A5: =Data!A2 -> 1987 | C5: =Data!G2 -> 263057 | D5: =B5 - C5 -> -263057
A6: =Data!A3 -> 1988 | C6: =Data!G3 -> 261198.52 | D6: =B6 - C6 -> -261198.52
A7: =Data!A4 -> 1989 | C7: =Data!G4 -> 226589.94 | D7: =B7 - C7 -> -226589.94
A8: =Data!A5 -> 1990 | C8: =Data!G5 -> 220992.3 | D8: =B8 - C8 -> -220992.3
A9: =Data!A6 -> 1991 | C9: =Data!G6 -> 227640.41 | D9: =B9 - C9 -> -227640.41
A10: =Data!A7 -> 1992 | C10: =Data!G7 -> 239720.3 | D10: =B10 - C10 -> -239720.3
A11: =Data!A8 -> 1993 | C11: =Data!G8 -> 233243.86 | D11: =B11 - C11 -> -233243.86
A12: =Data!A9 -> 1994 | C12: =Data!G9 -> 209093.37 | D12: =B12 - C12 -> -209093.37
A13: =Data!A10 -> 1995 | C13: =Data!G10 -> 207574.01 | D13: =B13 - C13 -> -207574.01
A14: =Data!A11 -> 1996 | C14: =Data!G11 -> 230143.47 | D14: =B14 - C14 -> -230143.47
A15: =Data!A12 -> 1997 | C15: =Data!G12 -> 188688.02 | D15: =B15 - C15 -> -188688.02
A16: =Data!A13 -> 1998 | C16: =Data!G13 -> 197983.81 | D16: =B16 - C16 -> -197983.81
... A41: =Data!A38 -> 2023 | C41: =Data!G38 -> 116941.9 | D41: =B41 - C41 -> -116941.9
A43: Hint
A44: In each yellow cell of column B, type =Data!E<row> + Data!F<row>. For example, the first data row uses Data row 2: =Data!E2 + Data!F2

Sheet Ex5_Folders
A1: Exercise 5 — Organize files
A2: Set up a clean project folder structure on your computer.
A4: Task | B4: Done? (yes/no) | C4: Notes
A5: Create the project root folder `frst232/`. | C5: Use lowercase, snake_case names.
A6: Inside it, create `chapter01/` with subfolders `data/`, `outputs/`, `notes/`, `deliverables/`.
A7: Place the raw workbook `bc_disturbance_reforestation.xlsx` in `chapter01/data/`. | C7: Do NOT edit this file in place.
A8: Save a copy as `bc_disturbance_reforestation_clean.xlsx` in `chapter01/outputs/`. | C8: This is the version you may modify.
A9: Take a screenshot of your folder structure and submit it as your deliverable. | C9: Save the screenshot in `chapter01/deliverables/`.

Sheet GroupLab
A1: Group lab — Inspect a real BC dataset together
A2: Work in groups of 3 or 4. One submission per group.
A4: Task | B4: Group's answer / formula | C4: Notes
A5: Group members (names): | C5: List everyone in the group.
A6: Task 1 — Where does this file come from? | C6: Read the About sheet.
A7: Task 1 — How many rows are in the Data sheet?
A8: Task 2 — Pick column A. Write your own one-sentence description. | C8: Compare to ReadMe at the end.
A9: Task 2 — Pick column B. Write your own one-sentence description.
A10: Task 3 — Choose ONE: mean Reforestation_ha, max Natural_Disturbance_ha + year, OR total Harvested_ha. | C10: Which did you choose? Type your formula.
A11: Task 3 — Result of the formula above. | C11: Add a sanity-check note: does the result sit within reason?
A12: Task 4 — Pick a row. Verify Harvested + Natural = Total. | C12: Type a formula like =Data!E5 + Data!F5 - Data!G5. Should be 0.
A13: Task 5 — Submission | C13: Submit a worksheet or screenshot showing this sheet completed.
